{"cameraMode":{"drawMode":0,"name":"Shaded","section":"Shading Mode"},"sceneLighting":false,"audioPlay":false,"sceneViewState":{"showFog":true,"showMaterialUpdate":false,"showSkybox":false,"showFlares":true,"showImageEffects":true,"showParticleSystems":true},"in2DMode":false,"pivot":{"x":-19.136856079101564,"y":3.6735000610351564,"z":-5.296623229980469},"rotation":{"x":0.07806505262851715,"y":0.7913301587104797,"z":-0.10337062180042267,"w":0.5975784659385681},"size":82.60543060302735,"orthographic":false}