{"cameraMode":{"drawMode":0,"name":"Shaded","section":"Shading Mode"},"sceneLighting":false,"audioPlay":false,"sceneViewState":{"showFog":true,"showMaterialUpdate":false,"showSkybox":false,"showFlares":true,"showImageEffects":true,"showParticleSystems":true},"in2DMode":false,"pivot":{"x":-0.0003299713134765625,"y":8.049999237060547,"z":-0.5},"rotation":{"x":0.057844072580337527,"y":0.9415024518966675,"z":-0.25237247347831728,"w":0.21577854454517365},"size":17.644351959228517,"orthographic":true}