{"cameraMode":{"drawMode":0,"name":"Shaded","section":"Shading Mode"},"sceneLighting":false,"audioPlay":false,"sceneViewState":{"showFog":true,"showMaterialUpdate":false,"showSkybox":false,"showFlares":true,"showImageEffects":true,"showParticleSystems":true},"in2DMode":false,"pivot":{"x":26.908580780029298,"y":13.983012199401856,"z":12.031889915466309},"rotation":{"x":0.16832034289836884,"y":0.24983647465705872,"z":-0.04413553699851036,"w":0.9525541067123413},"size":19.19449806213379,"orthographic":false}