{"cameraMode":{"drawMode":0,"name":"Shaded","section":"Shading Mode"},"sceneLighting":true,"audioPlay":false,"sceneViewState":{"showFog":true,"showMaterialUpdate":false,"showSkybox":true,"showFlares":true,"showImageEffects":true,"showParticleSystems":true},"in2DMode":false,"pivot":{"x":5.932769775390625,"y":27.096893310546876,"z":106.681884765625},"rotation":{"x":0.5034882426261902,"y":0.37245991826057436,"z":-0.25453823804855349,"w":0.7369424104690552},"size":138.6751251220703,"orthographic":false}