{"cameraMode":{"drawMode":0,"name":"Shaded","section":"Shading Mode"},"sceneLighting":false,"audioPlay":false,"sceneViewState":{"showFog":true,"showMaterialUpdate":false,"showSkybox":false,"showFlares":true,"showImageEffects":true,"showParticleSystems":true},"in2DMode":false,"pivot":{"x":65.2889633178711,"y":44.781585693359378,"z":-55.646827697753909},"rotation":{"x":0.27089375257492068,"y":-0.2669954299926758,"z":0.07846620678901673,"w":0.9215508699417114},"size":33.94874572753906,"orthographic":false}