{"cameraMode":{"drawMode":0,"name":"Shaded","section":"Shading Mode"},"sceneLighting":false,"audioPlay":false,"sceneViewState":{"showFog":true,"showMaterialUpdate":false,"showSkybox":false,"showFlares":true,"showImageEffects":true,"showParticleSystems":true},"in2DMode":false,"pivot":{"x":0.028560450300574304,"y":0.053859494626522067,"z":0.013063321821391583},"rotation":{"x":0.07806505262851715,"y":0.7913301587104797,"z":-0.10337062180042267,"w":0.5975784659385681},"size":0.1137084811925888,"orthographic":false}