{"cameraMode":{"drawMode":0,"name":"Shaded","section":"Shading Mode"},"sceneLighting":false,"audioPlay":false,"sceneViewState":{"showFog":true,"showMaterialUpdate":false,"showSkybox":false,"showFlares":true,"showImageEffects":true,"showParticleSystems":true},"in2DMode":false,"pivot":{"x":-19.058801651000978,"y":-1.4165210723876954,"z":-21.246295928955079},"rotation":{"x":0.3712327778339386,"y":0.018102319911122323,"z":-0.00725445756688714,"w":0.92838054895401},"size":23.81513786315918,"orthographic":false}