{"cameraMode":{"drawMode":0,"name":"Shaded","section":"Shading Mode"},"sceneLighting":false,"audioPlay":false,"sceneViewState":{"showFog":true,"showMaterialUpdate":false,"showSkybox":false,"showFlares":true,"showImageEffects":true,"showParticleSystems":true},"in2DMode":false,"pivot":{"x":0.0,"y":-2.9999964237213136,"z":0.00000667572021484375},"rotation":{"x":0.201681450009346,"y":0.17378832399845124,"z":-0.036383043974637988,"w":0.9632335901260376},"size":21.424291610717775,"orthographic":true}